pdb,Coaxial,Family,|L1|,|L2|,|L3|,|L4|,"Min(|L2|,|L4|)","Min(|L1|,|L3|)",|L1'|,|L2'|,|L3'|,|L4'|,"ΔG(H1,H2)","ΔG(H2,H3)","ΔG(H3,H4)","ΔG(H4,H1)",A(L1),A(L2),A(L3),A(L4)
1U9S_78,"H1H4,H2H3",H,0,1,2,0,0,0,0,0,1,2.0,-3.4,0.7,6.9,-3.3,0,0,0,0.0
2A2E_70,"H1H4,H2H3",H,1,0,0,1,0,0,0,0,1,1.0,1.3,-3.3,-2.4,1.3,0,0,0,0.0
1NBS_89,"H1H4,H2H3",H,0,1,2,0,0,0,0,0,1,2.0,-3.4,0.8,6.9,-3.3,0,0,0,0.0
2A64_90,"H1H4,H2H3",H,0,1,2,0,0,0,0,0,1,2.0,-3.4,0.8,6.9,-3.3,0,0,0,0.0
1M5O_13,"H1H4,H2H3",H,0,0,0,0,0,0,0,0,0,0.0,-0.9,-1.3,-2.1,-2.1,0,0,0,0.0
1S72_1827,"H1H4,H2H3",H,3,3,3,4,3,3,3,3,3,4.0,6.6,6.6,6.6,6.3,0,0,2,2.0
2AW4_1771,"H1H4,H2H3",H,3,3,2,3,3,2,2,3,3,3.0,6.6,6.6,6.9,6.6,0,0,0,2.0
2J01_1771,"H1H4,H2H3",H,3,3,2,3,3,2,2,3,3,3.0,6.6,6.6,6.9,6.6,0,0,0,2.0
1KH6_4,"H1H4,H2H3",cH,2,0,1,0,0,1,0,0,1,2.0,6.9,-2.4,-2.1,-3.3,2,0,0,0.0
2AVY_141,"H1H4,H2H3",cH,3,7,4,1,1,3,1,3,4,7.0,6.6,5.9,6.3,0.8,0,2,3,0.0
2J00_141,"H1H4,H2H3",cH,1,4,3,1,1,1,1,1,3,4.0,0.6,6.3,6.6,0.7,0,0,3,0.0
1NKW_2621,"H1H4,H2H3",cH,2,1,4,2,1,2,1,2,2,4.0,6.9,0.5,6.3,6.9,0,0,2,0.0
1S72_2678,"H1H4,H2H3",cH,2,0,2,1,0,2,0,1,2,2.0,6.9,-3.3,6.9,0.6,2,0,0,0.0
2AW4_2642,"H1H4,H2H3",cH,2,1,3,1,1,2,1,1,2,3.0,6.9,0.5,6.6,0.7,0,0,2,0.0
2J01_2642,"H1H4,H2H3",cH,2,1,3,1,1,2,1,1,2,3.0,6.9,0.5,6.6,0.7,0,0,2,0.0
1NKW_1457,"H1H2,H3H4",cH,1,3,6,4,3,1,1,3,4,6.0,1.5,6.6,5.7,6.3,0,0,0,2.0
2AW4_1443,"H1H2,H3H4",cH,0,0,3,4,0,0,0,0,3,4.0,-1.5,-0.6,6.6,6.3,0,0,0,2.0
3F2Q_7,"H1H4,H2H3",cH,6,3,1,7,3,1,1,3,6,7.0,5.7,6.6,0.5,5.9,0,0,0,0.0
3F2Q_31,"H1H4,H2H3",cH,0,2,3,2,2,0,0,2,2,3.0,-3.3,6.9,6.6,6.9,0,0,0,0.0
2AVY_568,"H1H4,H2H3",cL,7,4,10,1,1,7,1,4,7,10.0,5.9,6.3,6.3,0.6,3,3,3,0.0
2J00_568,"H1H4,H2H3",cL,7,4,10,1,1,7,1,4,7,10.0,5.9,6.3,6.3,0.6,3,3,3,0.0
1NKW_1282,"H1H4,H2H3",cL,5,0,2,0,0,2,0,0,2,5.0,6.0,-2.4,6.9,-3.3,2,0,0,0.0
1S72_1373,"H1H4,H2H3",cL,7,0,3,0,0,3,0,0,3,7.0,5.9,-2.4,6.6,-3.3,0,0,0,0.0
2AW4_1269,"H1H4,H2H3",cL,5,0,2,0,0,2,0,0,2,5.0,6.0,-2.4,6.9,-2.1,2,0,0,0.0
2J01_1269,"H1H4,H2H3",cL,5,0,2,0,0,2,0,0,2,5.0,6.0,-2.4,6.9,-3.3,2,0,0,0.0
1EFW_6,"H1H4,H2H3",cL,2,1,5,0,0,2,0,1,2,5.0,6.9,0.5,6.0,-1.5,0,0,0,0.0
1EHZ_6,"H1H4,H2H3",cL,2,1,5,0,0,2,0,1,2,5.0,6.9,0.7,6.0,-2.4,0,0,0,0.0
1N78_506,"H1H4,H2H3",cL,2,1,4,0,0,2,0,1,2,4.0,6.9,0.6,6.3,-2.1,0,0,3,0.0
1QRS_6,"H1H4,H2H3",cL,2,1,5,0,0,2,0,1,2,5.0,6.9,0.6,6.0,-2.2,0,0,0,0.0
1U0B_6,"H1H4,H2H3",cL,2,1,4,0,0,2,0,1,2,4.0,6.9,1.1,6.3,-0.9,0,0,0,0.0
2GIS_7,"H1H4,H2H3",cL,6,1,8,3,1,6,1,3,6,8.0,5.7,0.6,6.0,6.6,2,0,2,3.0
2AVY_114,H1H4,cK,6,0,2,0,0,2,0,0,2,6.0,5.7,-1.4,6.9,-3.3,2,0,0,0.0
2J00_114,H1H4,cK,6,0,2,0,0,2,0,0,2,6.0,5.7,-1.5,6.9,-3.3,2,0,0,0.0
1NKW_2263,H3H4,cK,4,4,1,1,1,1,1,1,4,4.0,6.3,6.3,0.5,0.5,3,0,0,0.0
1S72_2318,H3H4,cK,3,3,1,1,1,1,1,1,3,3.0,6.6,6.6,1.0,0.9,0,0,0,0.0
2AW4_2284,H3H4,cK,3,3,1,1,1,1,1,1,3,3.0,6.6,6.6,0.5,0.5,2,0,0,0.0
2J01_2284,H3H4,cK,3,3,1,1,1,1,1,1,3,3.0,6.6,6.6,0.5,0.5,3,0,0,0.0
1S72_1452,H3H4,cK,1,3,2,1,1,1,1,1,2,3.0,0.6,6.6,6.9,1.1,0,2,0,0.0
1NKW_1360,H3H4,cK,1,3,4,2,2,1,1,2,3,4.0,0.8,6.6,6.3,6.9,0,0,0,0.0
2AW4_1346,H3H4,cK,2,3,2,1,1,2,1,2,2,3.0,6.9,6.6,6.9,1.1,0,2,0,0.0
2J01_1347,H3H4,cK,1,3,2,0,0,1,0,1,2,3.0,0.5,6.6,6.9,-2.2,0,0,0,0.0
2AVY_18,H1H2,cK,7,10,1,3,3,1,1,3,7,10.0,5.9,6.3,0.6,6.6,0,2,0,3.0
2J00_18,H1H2,cK,7,10,1,3,3,1,1,3,7,10.0,5.9,6.3,0.6,6.6,0,0,0,3.0
1U9S_118,"H1H4,H2H3",cH,6,3,1,7,3,1,1,3,6,7.0,5.7,6.6,0.5,5.9,0,0,0,0.0
2A2E_110,"H1H4,H2H3",cH,0,3,4,2,2,0,0,2,3,4.0,-3.3,6.6,6.3,6.9,0,2,0,0.0
1NKW_1682,"H1H2,H3H4",cH,0,2,0,0,0,0,0,0,0,2.0,-2.2,6.9,-3.3,-2.2,0,0,0,0.0
1S72_1743,H3H4,π,12,7,1,4,4,1,1,4,7,12.0,6.5,5.9,0.6,6.3,2,3,0,0.0
2AW4_1665,H3H4,π,10,7,2,4,4,2,2,4,7,10.0,6.3,5.9,6.9,6.3,2,2,0,0.0
2J01_1665,-,cW,15,0,12,5,0,12,0,5,12,15,6.7,-2.4,6.5,6.0,2.0,0,2,0
1S72_42,-,cW,15,0,12,5,0,12,0,5,12,15,6.7,0.3,6.5,6.0,2.0,0,0,0
1NKW_1824,-,cW,15,0,12,5,0,12,0,5,12,15,6.7,-1.4,6.5,6.0,4.0,0,2,0
1S72_1888,-,cW,15,0,12,5,0,12,0,5,12,15,6.7,-1.4,6.5,6.0,2.0,0,2,0
2AW4_1832,-,ψ,6,4,5,1,1,5,1,4,5,6,5.7,6.3,6.0,0.9,2.0,2,2,0
2J01_1832,-,ψ,1,2,22,10,2,1,1,2,10,22,0.6,6.9,7.1,6.3,0.0,0,3,3
1NKW_244,-,ψ,1,0,20,10,0,1,0,1,10,20,0.9,-2.4,7.0,6.3,0.0,0,2,2
2AW4_267,-,ψ,1,0,20,10,0,1,0,1,10,20,0.9,-2.4,7.0,6.3,0.0,0,3,2
1NKW_608,-,ψ,1,0,20,10,0,1,0,1,10,20,1.4,-2.4,7.0,6.3,0.0,0,3,3
2AW4_600,-,ψ,5,6,6,2,2,5,2,5,6,6,6.0,5.7,5.7,6.9,3.0,2,2,2
2J01_600,-,ψ,2,8,6,2,2,2,2,2,6,8,6.9,6.0,5.7,6.9,0.0,0,2,2
2IHX_166,-,X,10,9,3,11,9,3,3,9,10,11,6.3,6.1,6.6,6.4,2.0,0,0,0
2AVY_942,-,X,2,3,2,5,3,2,2,2,3,5,6.9,6.6,6.9,6.0,2.0,2,0,2
2J00_940,-,X,2,3,2,2,2,2,2,2,2,3,6.9,6.6,6.9,6.9,0.0,0,0,0
3F4E_7,-,cX,3,4,0,3,3,0,0,3,3,4,6.6,6.3,-1.5,6.6,0.0,0,0,0
3F4E_31,-,cX,2,5,11,10,5,2,2,5,10,11,6.9,6.0,6.4,6.3,0.0,2,0,2
3IVK_53,-,cX,4,5,11,12,5,4,4,5,11,12,6.3,6.0,6.4,6.5,0.0,2,0,2
